CountryName,FlagSrc,NOC
Afghanistan,//upload.wikimedia.org/wikipedia/commons/thumb/9/9a/Flag_of_Afghanistan.svg/22px-Flag_of_Afghanistan.svg.png,AFG
Albania,//upload.wikimedia.org/wikipedia/commons/thumb/3/36/Flag_of_Albania.svg/22px-Flag_of_Albania.svg.png,ALB
Algeria,//upload.wikimedia.org/wikipedia/commons/thumb/7/77/Flag_of_Algeria.svg/22px-Flag_of_Algeria.svg.png,ALG
Andorra,//upload.wikimedia.org/wikipedia/commons/thumb/1/19/Flag_of_Andorra.svg/22px-Flag_of_Andorra.svg.png,AND
Angola,//upload.wikimedia.org/wikipedia/commons/thumb/9/9d/Flag_of_Angola.svg/22px-Flag_of_Angola.svg.png,ANG
Antigua and Barbuda,//upload.wikimedia.org/wikipedia/commons/thumb/8/89/Flag_of_Antigua_and_Barbuda.svg/22px-Flag_of_Antigua_and_Barbuda.svg.png,ANT
Argentina,//upload.wikimedia.org/wikipedia/commons/thumb/1/1a/Flag_of_Argentina.svg/22px-Flag_of_Argentina.svg.png,ARG
Armenia,//upload.wikimedia.org/wikipedia/commons/thumb/2/2f/Flag_of_Armenia.svg/22px-Flag_of_Armenia.svg.png,ARM
Aruba,//upload.wikimedia.org/wikipedia/commons/thumb/f/f6/Flag_of_Aruba.svg/22px-Flag_of_Aruba.svg.png,ARU
American Samoa,//upload.wikimedia.org/wikipedia/commons/thumb/8/87/Flag_of_American_Samoa.svg/22px-Flag_of_American_Samoa.svg.png,ASA
Australia,//upload.wikimedia.org/wikipedia/en/thumb/b/b9/Flag_of_Australia.svg/22px-Flag_of_Australia.svg.png,AUS
Austria,//upload.wikimedia.org/wikipedia/commons/thumb/4/41/Flag_of_Austria.svg/22px-Flag_of_Austria.svg.png,AUT
Azerbaijan,//upload.wikimedia.org/wikipedia/commons/thumb/d/dd/Flag_of_Azerbaijan.svg/22px-Flag_of_Azerbaijan.svg.png,AZE
Bahamas,//upload.wikimedia.org/wikipedia/commons/thumb/9/93/Flag_of_the_Bahamas.svg/22px-Flag_of_the_Bahamas.svg.png,BAH
Bangladesh,//upload.wikimedia.org/wikipedia/commons/thumb/f/f9/Flag_of_Bangladesh.svg/22px-Flag_of_Bangladesh.svg.png,BAN
Barbados,//upload.wikimedia.org/wikipedia/commons/thumb/e/ef/Flag_of_Barbados.svg/22px-Flag_of_Barbados.svg.png,BAR
Burundi,//upload.wikimedia.org/wikipedia/commons/thumb/5/50/Flag_of_Burundi.svg/22px-Flag_of_Burundi.svg.png,BDI
Belgium,//upload.wikimedia.org/wikipedia/commons/thumb/9/92/Flag_of_Belgium_%28civil%29.svg/22px-Flag_of_Belgium_%28civil%29.svg.png,BEL
Benin,//upload.wikimedia.org/wikipedia/commons/thumb/0/0a/Flag_of_Benin.svg/22px-Flag_of_Benin.svg.png,BEN
Bermuda,//upload.wikimedia.org/wikipedia/commons/thumb/b/bf/Flag_of_Bermuda.svg/22px-Flag_of_Bermuda.svg.png,BER
Bhutan,//upload.wikimedia.org/wikipedia/commons/thumb/9/91/Flag_of_Bhutan.svg/22px-Flag_of_Bhutan.svg.png,BHU
Bosnia and Herzegovina,//upload.wikimedia.org/wikipedia/commons/thumb/b/bf/Flag_of_Bosnia_and_Herzegovina.svg/22px-Flag_of_Bosnia_and_Herzegovina.svg.png,BIH
Belize,//upload.wikimedia.org/wikipedia/commons/thumb/e/e7/Flag_of_Belize.svg/22px-Flag_of_Belize.svg.png,BIZ
Belarus,//upload.wikimedia.org/wikipedia/commons/thumb/8/85/Flag_of_Belarus.svg/22px-Flag_of_Belarus.svg.png,BLR
Bolivia,//upload.wikimedia.org/wikipedia/commons/thumb/4/48/Flag_of_Bolivia.svg/22px-Flag_of_Bolivia.svg.png,BOL
Botswana,//upload.wikimedia.org/wikipedia/commons/thumb/f/fa/Flag_of_Botswana.svg/22px-Flag_of_Botswana.svg.png,BOT
Brazil,//upload.wikimedia.org/wikipedia/en/thumb/0/05/Flag_of_Brazil.svg/22px-Flag_of_Brazil.svg.png,BRA
Bahrain,//upload.wikimedia.org/wikipedia/commons/thumb/2/2c/Flag_of_Bahrain.svg/22px-Flag_of_Bahrain.svg.png,BRN
Brunei,//upload.wikimedia.org/wikipedia/commons/thumb/9/9c/Flag_of_Brunei.svg/22px-Flag_of_Brunei.svg.png,BRU
Bulgaria,//upload.wikimedia.org/wikipedia/commons/thumb/9/9a/Flag_of_Bulgaria.svg/22px-Flag_of_Bulgaria.svg.png,BUL
Burkina Faso,//upload.wikimedia.org/wikipedia/commons/thumb/3/31/Flag_of_Burkina_Faso.svg/22px-Flag_of_Burkina_Faso.svg.png,BUR
Central African Republic,//upload.wikimedia.org/wikipedia/commons/thumb/6/6f/Flag_of_the_Central_African_Republic.svg/22px-Flag_of_the_Central_African_Republic.svg.png,CAF
Cambodia,//upload.wikimedia.org/wikipedia/commons/thumb/8/83/Flag_of_Cambodia.svg/22px-Flag_of_Cambodia.svg.png,CAM
Canada,//upload.wikimedia.org/wikipedia/commons/thumb/d/d9/Flag_of_Canada_%28Pantone%29.svg/22px-Flag_of_Canada_%28Pantone%29.svg.png,CAN
Cayman Islands,//upload.wikimedia.org/wikipedia/commons/thumb/0/0f/Flag_of_the_Cayman_Islands.svg/22px-Flag_of_the_Cayman_Islands.svg.png,CAY
Republic of the Congo,//upload.wikimedia.org/wikipedia/commons/thumb/9/92/Flag_of_the_Republic_of_the_Congo.svg/22px-Flag_of_the_Republic_of_the_Congo.svg.png,CGO
Chad,//upload.wikimedia.org/wikipedia/commons/thumb/4/4b/Flag_of_Chad.svg/22px-Flag_of_Chad.svg.png,CHA
Chile,//upload.wikimedia.org/wikipedia/commons/thumb/7/78/Flag_of_Chile.svg/22px-Flag_of_Chile.svg.png,CHI
China,//upload.wikimedia.org/wikipedia/commons/thumb/f/fa/Flag_of_the_People%27s_Republic_of_China.svg/22px-Flag_of_the_People%27s_Republic_of_China.svg.png,CHN
Ivory Coast,//upload.wikimedia.org/wikipedia/commons/thumb/f/fe/Flag_of_C%C3%B4te_d%27Ivoire.svg/22px-Flag_of_C%C3%B4te_d%27Ivoire.svg.png,CIV
Cameroon,//upload.wikimedia.org/wikipedia/commons/thumb/4/4f/Flag_of_Cameroon.svg/22px-Flag_of_Cameroon.svg.png,CMR
Democratic Republic of the Congo,//upload.wikimedia.org/wikipedia/commons/thumb/6/6f/Flag_of_the_Democratic_Republic_of_the_Congo.svg/22px-Flag_of_the_Democratic_Republic_of_the_Congo.svg.png,COD
Cook Islands,//upload.wikimedia.org/wikipedia/commons/thumb/3/35/Flag_of_the_Cook_Islands.svg/22px-Flag_of_the_Cook_Islands.svg.png,COK
Colombia,//upload.wikimedia.org/wikipedia/commons/thumb/2/21/Flag_of_Colombia.svg/22px-Flag_of_Colombia.svg.png,COL
Comoros,//upload.wikimedia.org/wikipedia/commons/thumb/9/94/Flag_of_the_Comoros.svg/22px-Flag_of_the_Comoros.svg.png,COM
Cape Verde,//upload.wikimedia.org/wikipedia/commons/thumb/3/38/Flag_of_Cape_Verde.svg/22px-Flag_of_Cape_Verde.svg.png,CPV
Costa Rica,//upload.wikimedia.org/wikipedia/commons/thumb/f/f2/Flag_of_Costa_Rica.svg/22px-Flag_of_Costa_Rica.svg.png,CRC
Croatia,//upload.wikimedia.org/wikipedia/commons/thumb/1/1b/Flag_of_Croatia.svg/22px-Flag_of_Croatia.svg.png,CRO
Cuba,//upload.wikimedia.org/wikipedia/commons/thumb/b/bd/Flag_of_Cuba.svg/22px-Flag_of_Cuba.svg.png,CUB
Cyprus,//upload.wikimedia.org/wikipedia/commons/thumb/d/d4/Flag_of_Cyprus.svg/22px-Flag_of_Cyprus.svg.png,CYP
Czech Republic,//upload.wikimedia.org/wikipedia/commons/thumb/c/cb/Flag_of_the_Czech_Republic.svg/22px-Flag_of_the_Czech_Republic.svg.png,CZE
Denmark,//upload.wikimedia.org/wikipedia/commons/thumb/9/9c/Flag_of_Denmark.svg/22px-Flag_of_Denmark.svg.png,DEN
Djibouti,//upload.wikimedia.org/wikipedia/commons/thumb/3/34/Flag_of_Djibouti.svg/22px-Flag_of_Djibouti.svg.png,DJI
Dominica,//upload.wikimedia.org/wikipedia/commons/thumb/c/c4/Flag_of_Dominica.svg/22px-Flag_of_Dominica.svg.png,DMA
Dominican Republic,//upload.wikimedia.org/wikipedia/commons/thumb/9/9f/Flag_of_the_Dominican_Republic.svg/22px-Flag_of_the_Dominican_Republic.svg.png,DOM
Ecuador,//upload.wikimedia.org/wikipedia/commons/thumb/e/e8/Flag_of_Ecuador.svg/22px-Flag_of_Ecuador.svg.png,ECU
Egypt,//upload.wikimedia.org/wikipedia/commons/thumb/f/fe/Flag_of_Egypt.svg/22px-Flag_of_Egypt.svg.png,EGY
Eritrea,//upload.wikimedia.org/wikipedia/commons/thumb/2/29/Flag_of_Eritrea.svg/22px-Flag_of_Eritrea.svg.png,ERI
El Salvador,//upload.wikimedia.org/wikipedia/commons/thumb/3/34/Flag_of_El_Salvador.svg/22px-Flag_of_El_Salvador.svg.png,ESA
Spain,//upload.wikimedia.org/wikipedia/en/thumb/9/9a/Flag_of_Spain.svg/22px-Flag_of_Spain.svg.png,ESP
Estonia,//upload.wikimedia.org/wikipedia/commons/thumb/8/8f/Flag_of_Estonia.svg/22px-Flag_of_Estonia.svg.png,EST
Ethiopia,//upload.wikimedia.org/wikipedia/commons/thumb/7/71/Flag_of_Ethiopia.svg/22px-Flag_of_Ethiopia.svg.png,ETH
Fiji,//upload.wikimedia.org/wikipedia/commons/thumb/b/ba/Flag_of_Fiji.svg/22px-Flag_of_Fiji.svg.png,FIJ
Finland,//upload.wikimedia.org/wikipedia/commons/thumb/b/bc/Flag_of_Finland.svg/22px-Flag_of_Finland.svg.png,FIN
France,//upload.wikimedia.org/wikipedia/en/thumb/c/c3/Flag_of_France.svg/22px-Flag_of_France.svg.png,FRA
Federated States of Micronesia,//upload.wikimedia.org/wikipedia/commons/thumb/e/e4/Flag_of_the_Federated_States_of_Micronesia.svg/22px-Flag_of_the_Federated_States_of_Micronesia.svg.png,FSM
Gabon,//upload.wikimedia.org/wikipedia/commons/thumb/0/04/Flag_of_Gabon.svg/22px-Flag_of_Gabon.svg.png,GAB
The Gambia,//upload.wikimedia.org/wikipedia/commons/thumb/7/77/Flag_of_The_Gambia.svg/22px-Flag_of_The_Gambia.svg.png,GAM
Great Britain,//upload.wikimedia.org/wikipedia/en/thumb/a/ae/Flag_of_the_United_Kingdom.svg/22px-Flag_of_the_United_Kingdom.svg.png,GBR
Guinea-Bissau,//upload.wikimedia.org/wikipedia/commons/thumb/0/01/Flag_of_Guinea-Bissau.svg/22px-Flag_of_Guinea-Bissau.svg.png,GBS
Georgia,//upload.wikimedia.org/wikipedia/commons/thumb/0/0f/Flag_of_Georgia.svg/22px-Flag_of_Georgia.svg.png,GEO
Equatorial Guinea,//upload.wikimedia.org/wikipedia/commons/thumb/3/31/Flag_of_Equatorial_Guinea.svg/22px-Flag_of_Equatorial_Guinea.svg.png,GEQ
Germany,//upload.wikimedia.org/wikipedia/en/thumb/b/ba/Flag_of_Germany.svg/22px-Flag_of_Germany.svg.png,GER
Ghana,//upload.wikimedia.org/wikipedia/commons/thumb/1/19/Flag_of_Ghana.svg/22px-Flag_of_Ghana.svg.png,GHA
Greece,//upload.wikimedia.org/wikipedia/commons/thumb/5/5c/Flag_of_Greece.svg/22px-Flag_of_Greece.svg.png,GRE
Grenada,//upload.wikimedia.org/wikipedia/commons/thumb/b/bc/Flag_of_Grenada.svg/22px-Flag_of_Grenada.svg.png,GRN
Guatemala,//upload.wikimedia.org/wikipedia/commons/thumb/e/ec/Flag_of_Guatemala.svg/22px-Flag_of_Guatemala.svg.png,GUA
Guinea,//upload.wikimedia.org/wikipedia/commons/thumb/e/ed/Flag_of_Guinea.svg/22px-Flag_of_Guinea.svg.png,GUI
Guam,//upload.wikimedia.org/wikipedia/commons/thumb/0/07/Flag_of_Guam.svg/22px-Flag_of_Guam.svg.png,GUM
Guyana,//upload.wikimedia.org/wikipedia/commons/thumb/9/99/Flag_of_Guyana.svg/22px-Flag_of_Guyana.svg.png,GUY
Haiti,//upload.wikimedia.org/wikipedia/commons/thumb/5/56/Flag_of_Haiti.svg/22px-Flag_of_Haiti.svg.png,HAI
Hong Kong,//upload.wikimedia.org/wikipedia/commons/thumb/5/5b/Flag_of_Hong_Kong.svg/22px-Flag_of_Hong_Kong.svg.png,HKG
Honduras,//upload.wikimedia.org/wikipedia/commons/thumb/8/82/Flag_of_Honduras.svg/22px-Flag_of_Honduras.svg.png,HON
Hungary,//upload.wikimedia.org/wikipedia/commons/thumb/c/c1/Flag_of_Hungary.svg/22px-Flag_of_Hungary.svg.png,HUN
Indonesia,//upload.wikimedia.org/wikipedia/commons/thumb/9/9f/Flag_of_Indonesia.svg/22px-Flag_of_Indonesia.svg.png,INA
India,//upload.wikimedia.org/wikipedia/en/thumb/4/41/Flag_of_India.svg/22px-Flag_of_India.svg.png,IND
Iran,//upload.wikimedia.org/wikipedia/commons/thumb/c/ca/Flag_of_Iran.svg/22px-Flag_of_Iran.svg.png,IRI
Ireland,//upload.wikimedia.org/wikipedia/commons/thumb/4/45/Flag_of_Ireland.svg/22px-Flag_of_Ireland.svg.png,IRL
Iraq,//upload.wikimedia.org/wikipedia/commons/thumb/f/f6/Flag_of_Iraq.svg/22px-Flag_of_Iraq.svg.png,IRQ
Iceland,//upload.wikimedia.org/wikipedia/commons/thumb/c/ce/Flag_of_Iceland.svg/22px-Flag_of_Iceland.svg.png,ISL
Israel,//upload.wikimedia.org/wikipedia/commons/thumb/d/d4/Flag_of_Israel.svg/22px-Flag_of_Israel.svg.png,ISR
Virgin Islands,//upload.wikimedia.org/wikipedia/commons/thumb/f/f8/Flag_of_the_United_States_Virgin_Islands.svg/22px-Flag_of_the_United_States_Virgin_Islands.svg.png,ISV
Italy,//upload.wikimedia.org/wikipedia/en/thumb/0/03/Flag_of_Italy.svg/22px-Flag_of_Italy.svg.png,ITA
British Virgin Islands,//upload.wikimedia.org/wikipedia/commons/thumb/4/42/Flag_of_the_British_Virgin_Islands.svg/22px-Flag_of_the_British_Virgin_Islands.svg.png,IVB
Jamaica,//upload.wikimedia.org/wikipedia/commons/thumb/0/0a/Flag_of_Jamaica.svg/22px-Flag_of_Jamaica.svg.png,JAM
Jordan,//upload.wikimedia.org/wikipedia/commons/thumb/c/c0/Flag_of_Jordan.svg/22px-Flag_of_Jordan.svg.png,JOR
Japan,//upload.wikimedia.org/wikipedia/en/thumb/9/9e/Flag_of_Japan.svg/22px-Flag_of_Japan.svg.png,JPN
Kazakhstan,//upload.wikimedia.org/wikipedia/commons/thumb/d/d3/Flag_of_Kazakhstan.svg/22px-Flag_of_Kazakhstan.svg.png,KAZ
Kenya,//upload.wikimedia.org/wikipedia/commons/thumb/4/49/Flag_of_Kenya.svg/22px-Flag_of_Kenya.svg.png,KEN
Kyrgyzstan,//upload.wikimedia.org/wikipedia/commons/thumb/c/c7/Flag_of_Kyrgyzstan.svg/22px-Flag_of_Kyrgyzstan.svg.png,KGZ
Kiribati,//upload.wikimedia.org/wikipedia/commons/thumb/d/d3/Flag_of_Kiribati.svg/22px-Flag_of_Kiribati.svg.png,KIR
South Korea,//upload.wikimedia.org/wikipedia/commons/thumb/0/09/Flag_of_South_Korea.svg/22px-Flag_of_South_Korea.svg.png,KOR
Kosovo,//upload.wikimedia.org/wikipedia/commons/thumb/1/1f/Flag_of_Kosovo.svg/22px-Flag_of_Kosovo.svg.png,KOS
Saudi Arabia,//upload.wikimedia.org/wikipedia/commons/thumb/0/0d/Flag_of_Saudi_Arabia.svg/22px-Flag_of_Saudi_Arabia.svg.png,KSA
Kuwait,//upload.wikimedia.org/wikipedia/commons/thumb/a/aa/Flag_of_Kuwait.svg/22px-Flag_of_Kuwait.svg.png,KUW
Laos,//upload.wikimedia.org/wikipedia/commons/thumb/5/56/Flag_of_Laos.svg/22px-Flag_of_Laos.svg.png,LAO
Latvia,//upload.wikimedia.org/wikipedia/commons/thumb/8/84/Flag_of_Latvia.svg/22px-Flag_of_Latvia.svg.png,LAT
Libya,//upload.wikimedia.org/wikipedia/commons/thumb/0/05/Flag_of_Libya.svg/22px-Flag_of_Libya.svg.png,LBA
Lebanon,//upload.wikimedia.org/wikipedia/commons/thumb/5/59/Flag_of_Lebanon.svg/22px-Flag_of_Lebanon.svg.png,LBN
Liberia,//upload.wikimedia.org/wikipedia/commons/thumb/b/b8/Flag_of_Liberia.svg/22px-Flag_of_Liberia.svg.png,LBR
Saint Lucia,//upload.wikimedia.org/wikipedia/commons/thumb/9/9f/Flag_of_Saint_Lucia.svg/22px-Flag_of_Saint_Lucia.svg.png,LCA
Lesotho,//upload.wikimedia.org/wikipedia/commons/thumb/4/4a/Flag_of_Lesotho.svg/22px-Flag_of_Lesotho.svg.png,LES
Liechtenstein,//upload.wikimedia.org/wikipedia/commons/thumb/4/47/Flag_of_Liechtenstein.svg/22px-Flag_of_Liechtenstein.svg.png,LIE
Lithuania,//upload.wikimedia.org/wikipedia/commons/thumb/1/11/Flag_of_Lithuania.svg/22px-Flag_of_Lithuania.svg.png,LTU
Luxembourg,//upload.wikimedia.org/wikipedia/commons/thumb/d/da/Flag_of_Luxembourg.svg/22px-Flag_of_Luxembourg.svg.png,LUX
Madagascar,//upload.wikimedia.org/wikipedia/commons/thumb/b/bc/Flag_of_Madagascar.svg/22px-Flag_of_Madagascar.svg.png,MAD
Morocco,//upload.wikimedia.org/wikipedia/commons/thumb/2/2c/Flag_of_Morocco.svg/22px-Flag_of_Morocco.svg.png,MAR
Malaysia,//upload.wikimedia.org/wikipedia/commons/thumb/6/66/Flag_of_Malaysia.svg/22px-Flag_of_Malaysia.svg.png,MAS
Malawi,//upload.wikimedia.org/wikipedia/commons/thumb/d/d1/Flag_of_Malawi.svg/22px-Flag_of_Malawi.svg.png,MAW
Moldova,//upload.wikimedia.org/wikipedia/commons/thumb/2/27/Flag_of_Moldova.svg/22px-Flag_of_Moldova.svg.png,MDA
Maldives,//upload.wikimedia.org/wikipedia/commons/thumb/0/0f/Flag_of_Maldives.svg/22px-Flag_of_Maldives.svg.png,MDV
Mexico,//upload.wikimedia.org/wikipedia/commons/thumb/f/fc/Flag_of_Mexico.svg/22px-Flag_of_Mexico.svg.png,MEX
Mongolia,//upload.wikimedia.org/wikipedia/commons/thumb/4/4c/Flag_of_Mongolia.svg/22px-Flag_of_Mongolia.svg.png,MGL
Marshall Islands,//upload.wikimedia.org/wikipedia/commons/thumb/2/2e/Flag_of_the_Marshall_Islands.svg/22px-Flag_of_the_Marshall_Islands.svg.png,MHL
,//upload.wikimedia.org/wikipedia/commons/thumb/7/79/Flag_of_North_Macedonia.svg/23px-Flag_of_North_Macedonia.svg.png,MKD
Mali,//upload.wikimedia.org/wikipedia/commons/thumb/9/92/Flag_of_Mali.svg/22px-Flag_of_Mali.svg.png,MLI
Malta,//upload.wikimedia.org/wikipedia/commons/thumb/7/73/Flag_of_Malta.svg/22px-Flag_of_Malta.svg.png,MLT
Montenegro,//upload.wikimedia.org/wikipedia/commons/thumb/6/64/Flag_of_Montenegro.svg/22px-Flag_of_Montenegro.svg.png,MNE
Monaco,//upload.wikimedia.org/wikipedia/commons/thumb/e/ea/Flag_of_Monaco.svg/22px-Flag_of_Monaco.svg.png,MON
Mozambique,//upload.wikimedia.org/wikipedia/commons/thumb/d/d0/Flag_of_Mozambique.svg/22px-Flag_of_Mozambique.svg.png,MOZ
Mauritius,//upload.wikimedia.org/wikipedia/commons/thumb/7/77/Flag_of_Mauritius.svg/22px-Flag_of_Mauritius.svg.png,MRI
Mauritania,//upload.wikimedia.org/wikipedia/commons/thumb/4/43/Flag_of_Mauritania.svg/22px-Flag_of_Mauritania.svg.png,MTN
Myanmar,//upload.wikimedia.org/wikipedia/commons/thumb/8/8c/Flag_of_Myanmar.svg/22px-Flag_of_Myanmar.svg.png,MYA
Namibia,//upload.wikimedia.org/wikipedia/commons/thumb/0/00/Flag_of_Namibia.svg/22px-Flag_of_Namibia.svg.png,NAM
Nicaragua,//upload.wikimedia.org/wikipedia/commons/thumb/1/19/Flag_of_Nicaragua.svg/22px-Flag_of_Nicaragua.svg.png,NCA
Netherlands,//upload.wikimedia.org/wikipedia/commons/thumb/2/20/Flag_of_the_Netherlands.svg/22px-Flag_of_the_Netherlands.svg.png,NED
Nepal,//upload.wikimedia.org/wikipedia/commons/thumb/9/9b/Flag_of_Nepal.svg/16px-Flag_of_Nepal.svg.png,NEP
Nigeria,//upload.wikimedia.org/wikipedia/commons/thumb/7/79/Flag_of_Nigeria.svg/22px-Flag_of_Nigeria.svg.png,NGR
Niger,//upload.wikimedia.org/wikipedia/commons/thumb/f/f4/Flag_of_Niger.svg/22px-Flag_of_Niger.svg.png,NIG
Norway,//upload.wikimedia.org/wikipedia/commons/thumb/d/d9/Flag_of_Norway.svg/22px-Flag_of_Norway.svg.png,NOR
Nauru,//upload.wikimedia.org/wikipedia/commons/thumb/3/30/Flag_of_Nauru.svg/22px-Flag_of_Nauru.svg.png,NRU
New Zealand,//upload.wikimedia.org/wikipedia/commons/thumb/3/3e/Flag_of_New_Zealand.svg/22px-Flag_of_New_Zealand.svg.png,NZL
Oman,//upload.wikimedia.org/wikipedia/commons/thumb/d/dd/Flag_of_Oman.svg/22px-Flag_of_Oman.svg.png,OMA
Pakistan,//upload.wikimedia.org/wikipedia/commons/thumb/3/32/Flag_of_Pakistan.svg/22px-Flag_of_Pakistan.svg.png,PAK
Panama,//upload.wikimedia.org/wikipedia/commons/thumb/a/ab/Flag_of_Panama.svg/22px-Flag_of_Panama.svg.png,PAN
Paraguay,//upload.wikimedia.org/wikipedia/commons/thumb/2/27/Flag_of_Paraguay.svg/22px-Flag_of_Paraguay.svg.png,PAR
Peru,//upload.wikimedia.org/wikipedia/commons/thumb/c/cf/Flag_of_Peru.svg/22px-Flag_of_Peru.svg.png,PER
Philippines,//upload.wikimedia.org/wikipedia/commons/thumb/9/99/Flag_of_the_Philippines.svg/22px-Flag_of_the_Philippines.svg.png,PHI
Palestine,//upload.wikimedia.org/wikipedia/commons/thumb/0/00/Flag_of_Palestine.svg/22px-Flag_of_Palestine.svg.png,PLE
Palau,//upload.wikimedia.org/wikipedia/commons/thumb/4/48/Flag_of_Palau.svg/22px-Flag_of_Palau.svg.png,PLW
Papua New Guinea,//upload.wikimedia.org/wikipedia/commons/thumb/e/e3/Flag_of_Papua_New_Guinea.svg/22px-Flag_of_Papua_New_Guinea.svg.png,PNG
Poland,//upload.wikimedia.org/wikipedia/en/thumb/1/12/Flag_of_Poland.svg/22px-Flag_of_Poland.svg.png,POL
Portugal,//upload.wikimedia.org/wikipedia/commons/thumb/5/5c/Flag_of_Portugal.svg/22px-Flag_of_Portugal.svg.png,POR
North Korea,//upload.wikimedia.org/wikipedia/commons/thumb/5/51/Flag_of_North_Korea.svg/22px-Flag_of_North_Korea.svg.png,PRK
Puerto Rico,//upload.wikimedia.org/wikipedia/commons/thumb/2/28/Flag_of_Puerto_Rico.svg/22px-Flag_of_Puerto_Rico.svg.png,PUR
Qatar,//upload.wikimedia.org/wikipedia/commons/thumb/6/65/Flag_of_Qatar.svg/22px-Flag_of_Qatar.svg.png,QAT
Romania,//upload.wikimedia.org/wikipedia/commons/thumb/7/73/Flag_of_Romania.svg/22px-Flag_of_Romania.svg.png,ROU
South Africa,//upload.wikimedia.org/wikipedia/commons/thumb/a/af/Flag_of_South_Africa.svg/22px-Flag_of_South_Africa.svg.png,RSA
Russia,//upload.wikimedia.org/wikipedia/en/thumb/f/f3/Flag_of_Russia.svg/22px-Flag_of_Russia.svg.png,RUS
Rwanda,//upload.wikimedia.org/wikipedia/commons/thumb/1/17/Flag_of_Rwanda.svg/22px-Flag_of_Rwanda.svg.png,RWA
Samoa,//upload.wikimedia.org/wikipedia/commons/thumb/3/31/Flag_of_Samoa.svg/22px-Flag_of_Samoa.svg.png,SAM
Senegal,//upload.wikimedia.org/wikipedia/commons/thumb/f/fd/Flag_of_Senegal.svg/22px-Flag_of_Senegal.svg.png,SEN
Seychelles,//upload.wikimedia.org/wikipedia/commons/thumb/f/fc/Flag_of_Seychelles.svg/22px-Flag_of_Seychelles.svg.png,SEY
Singapore,//upload.wikimedia.org/wikipedia/commons/thumb/4/48/Flag_of_Singapore.svg/22px-Flag_of_Singapore.svg.png,SGP
Saint Kitts and Nevis,//upload.wikimedia.org/wikipedia/commons/thumb/f/fe/Flag_of_Saint_Kitts_and_Nevis.svg/22px-Flag_of_Saint_Kitts_and_Nevis.svg.png,SKN
Sierra Leone,//upload.wikimedia.org/wikipedia/commons/thumb/1/17/Flag_of_Sierra_Leone.svg/22px-Flag_of_Sierra_Leone.svg.png,SLE
Slovenia,//upload.wikimedia.org/wikipedia/commons/thumb/f/f0/Flag_of_Slovenia.svg/22px-Flag_of_Slovenia.svg.png,SLO
San Marino,//upload.wikimedia.org/wikipedia/commons/thumb/b/b1/Flag_of_San_Marino.svg/22px-Flag_of_San_Marino.svg.png,SMR
Solomon Islands,//upload.wikimedia.org/wikipedia/commons/thumb/7/74/Flag_of_the_Solomon_Islands.svg/22px-Flag_of_the_Solomon_Islands.svg.png,SOL
Somalia,//upload.wikimedia.org/wikipedia/commons/thumb/a/a0/Flag_of_Somalia.svg/22px-Flag_of_Somalia.svg.png,SOM
Serbia,//upload.wikimedia.org/wikipedia/commons/thumb/f/ff/Flag_of_Serbia.svg/22px-Flag_of_Serbia.svg.png,SRB
Sri Lanka,//upload.wikimedia.org/wikipedia/commons/thumb/1/11/Flag_of_Sri_Lanka.svg/22px-Flag_of_Sri_Lanka.svg.png,SRI
South Sudan,//upload.wikimedia.org/wikipedia/commons/thumb/7/7a/Flag_of_South_Sudan.svg/22px-Flag_of_South_Sudan.svg.png,SSD
São Tomé and Príncipe,//upload.wikimedia.org/wikipedia/commons/thumb/4/4f/Flag_of_Sao_Tome_and_Principe.svg/22px-Flag_of_Sao_Tome_and_Principe.svg.png,STP
Sudan,//upload.wikimedia.org/wikipedia/commons/thumb/0/01/Flag_of_Sudan.svg/22px-Flag_of_Sudan.svg.png,SUD
Switzerland,//upload.wikimedia.org/wikipedia/commons/thumb/f/f3/Flag_of_Switzerland.svg/20px-Flag_of_Switzerland.svg.png,SUI
Suriname,//upload.wikimedia.org/wikipedia/commons/thumb/6/60/Flag_of_Suriname.svg/22px-Flag_of_Suriname.svg.png,SUR
Slovakia,//upload.wikimedia.org/wikipedia/commons/thumb/e/e6/Flag_of_Slovakia.svg/22px-Flag_of_Slovakia.svg.png,SVK
Sweden,//upload.wikimedia.org/wikipedia/en/thumb/4/4c/Flag_of_Sweden.svg/22px-Flag_of_Sweden.svg.png,SWE
,//upload.wikimedia.org/wikipedia/commons/thumb/f/fb/Flag_of_Eswatini.svg/23px-Flag_of_Eswatini.svg.png,SWZ
Syria,//upload.wikimedia.org/wikipedia/commons/thumb/5/53/Flag_of_Syria.svg/22px-Flag_of_Syria.svg.png,SYR
Tanzania,//upload.wikimedia.org/wikipedia/commons/thumb/3/38/Flag_of_Tanzania.svg/22px-Flag_of_Tanzania.svg.png,TAN
Tonga,//upload.wikimedia.org/wikipedia/commons/thumb/9/9a/Flag_of_Tonga.svg/22px-Flag_of_Tonga.svg.png,TGA
Thailand,//upload.wikimedia.org/wikipedia/commons/thumb/a/a9/Flag_of_Thailand.svg/22px-Flag_of_Thailand.svg.png,THA
Tajikistan,//upload.wikimedia.org/wikipedia/commons/thumb/d/d0/Flag_of_Tajikistan.svg/22px-Flag_of_Tajikistan.svg.png,TJK
Turkmenistan,//upload.wikimedia.org/wikipedia/commons/thumb/1/1b/Flag_of_Turkmenistan.svg/22px-Flag_of_Turkmenistan.svg.png,TKM
East Timor,//upload.wikimedia.org/wikipedia/commons/thumb/2/26/Flag_of_East_Timor.svg/22px-Flag_of_East_Timor.svg.png,TLS
Togo,//upload.wikimedia.org/wikipedia/commons/thumb/6/68/Flag_of_Togo.svg/22px-Flag_of_Togo.svg.png,TOG
Chinese Taipei,//upload.wikimedia.org/wikipedia/commons/thumb/1/14/Flag_of_Chinese_Taipei_for_Olympic_games.svg/22px-Flag_of_Chinese_Taipei_for_Olympic_games.svg.png,TPE
Trinidad and Tobago,//upload.wikimedia.org/wikipedia/commons/thumb/6/64/Flag_of_Trinidad_and_Tobago.svg/22px-Flag_of_Trinidad_and_Tobago.svg.png,TTO
Tunisia,//upload.wikimedia.org/wikipedia/commons/thumb/c/ce/Flag_of_Tunisia.svg/22px-Flag_of_Tunisia.svg.png,TUN
Turkey,//upload.wikimedia.org/wikipedia/commons/thumb/b/b4/Flag_of_Turkey.svg/22px-Flag_of_Turkey.svg.png,TUR
Tuvalu,//upload.wikimedia.org/wikipedia/commons/thumb/3/38/Flag_of_Tuvalu.svg/22px-Flag_of_Tuvalu.svg.png,TUV
United Arab Emirates,//upload.wikimedia.org/wikipedia/commons/thumb/c/cb/Flag_of_the_United_Arab_Emirates.svg/22px-Flag_of_the_United_Arab_Emirates.svg.png,UAE
Uganda,//upload.wikimedia.org/wikipedia/commons/thumb/4/4e/Flag_of_Uganda.svg/22px-Flag_of_Uganda.svg.png,UGA
Ukraine,//upload.wikimedia.org/wikipedia/commons/thumb/4/49/Flag_of_Ukraine.svg/22px-Flag_of_Ukraine.svg.png,UKR
Uruguay,//upload.wikimedia.org/wikipedia/commons/thumb/f/fe/Flag_of_Uruguay.svg/22px-Flag_of_Uruguay.svg.png,URU
United States,//upload.wikimedia.org/wikipedia/en/thumb/a/a4/Flag_of_the_United_States.svg/22px-Flag_of_the_United_States.svg.png,USA
Uzbekistan,//upload.wikimedia.org/wikipedia/commons/thumb/8/84/Flag_of_Uzbekistan.svg/22px-Flag_of_Uzbekistan.svg.png,UZB
Vanuatu,//upload.wikimedia.org/wikipedia/commons/thumb/b/bc/Flag_of_Vanuatu.svg/22px-Flag_of_Vanuatu.svg.png,VAN
Venezuela,//upload.wikimedia.org/wikipedia/commons/thumb/0/06/Flag_of_Venezuela.svg/22px-Flag_of_Venezuela.svg.png,VEN
Vietnam,//upload.wikimedia.org/wikipedia/commons/thumb/2/21/Flag_of_Vietnam.svg/22px-Flag_of_Vietnam.svg.png,VIE
Saint Vincent and the Grenadines,//upload.wikimedia.org/wikipedia/commons/thumb/6/6d/Flag_of_Saint_Vincent_and_the_Grenadines.svg/22px-Flag_of_Saint_Vincent_and_the_Grenadines.svg.png,VIN
Yemen,//upload.wikimedia.org/wikipedia/commons/thumb/8/89/Flag_of_Yemen.svg/22px-Flag_of_Yemen.svg.png,YEM
Zambia,//upload.wikimedia.org/wikipedia/commons/thumb/0/06/Flag_of_Zambia.svg/22px-Flag_of_Zambia.svg.png,ZAM
Zimbabwe,//upload.wikimedia.org/wikipedia/commons/thumb/6/6a/Flag_of_Zimbabwe.svg/22px-Flag_of_Zimbabwe.svg.png,ZIM